,Open,High,Low,Close
2023-03-17,18619.14392,18806.9166,18560.19,18700.8
2023-03-18,18675.2325,18700.8,18675.2325,18700.8
2023-03-19,18700.8,18760.704,18675.2325,18718.94865
2023-03-20,18745.344,18887.88,18659.8935,18847.8027
2023-03-21,18853.9392,18866.0736,18666.1233,18737.50884
2023-03-22,18743.76405,18927.59715,18724.3173,18817.8852
2023-03-23,18822.63824,18941.10075,18805.614,18847.0293
2023-03-24,18852.5601,18862.074,18440.7381,18527.227
2023-03-25,18571.255,18571.255,18527.227,18527.227
2023-03-26,18571.255,18581.8845,18519.6525,18529.95382
2023-03-27,18575.8105,18666.9205,18507.5333,18613.20358
2023-03-28,18630.1253,18757.04799,18490.9461,18606.114
2023-03-29,18610.81705,18676.99035,18517.9254,18543.6526
2023-03-30,18543.80319,18700.8861,18485.9388,18634.40104
2023-03-31,18652.7136,18708.8874,18415.34176,18485.9337
2023-04-01,18485.9337,18573.498,18485.9337,18485.9337
2023-04-02,18573.498,18573.498,18470.64492,18474.99173
2023-04-03,18562.3536,18709.4898,18365.3172,18579.3024
2023-04-04,18602.22915,18769.16205,18434.8356,18618.9894
2023-04-05,18619.28728,18707.32809,18516.2208,18590.5659
2023-04-06,18585.79182,18685.09788,18505.0508,18580.7286
2023-04-07,18548.2869,18609.264,18470.46192,18549.0558
2023-04-08,18507.783,18545.022,18506.5417,18506.5417
2023-04-09,18506.5417,18556.0776,18505.19989,18512.35621
2023-04-10,18476.14704,18588.7962,18366.48881,18448.1934
2023-04-11,18443.965,18583.25559,18397.916,18490.4832
2023-04-12,18511.462,18617.55,18389.7098,18568.55286
2023-04-13,18600.862,18680.577,18390.43986,18471.79509
2023-04-14,18521.9607,18555.9777,18149.4322,18239.6622
2023-04-15,18198.6993,18239.6622,18198.6993,18198.6993
2023-04-16,18198.6993,18247.45002,18185.5044,18203.0976
2023-04-17,18243.04182,18392.21847,18109.2672,18281.2721
2023-04-18,18299.93088,18505.38272,18266.059,18436.71555
2023-04-19,18450.3825,18524.0385,18387.0049,18451.85133
2023-04-20,18466.569,18515.48425,18406.2956,18458.08371
2023-04-21,18474.79251,18486.67331,18349.9074,18455.70947
2023-04-23,18458.55,18480.6765,18444.877,18454.22557
2023-04-24,18467.9055,18542.9586,18415.199,18525.0076
2023-04-25,18525.0076,18574.1457,18294.122,18413.7151
2023-04-26,18425.88,18683.94208,18384.4825,18487.3143
2023-04-27,18549.5568,18599.5536,18259.554,18363.75468
2023-04-28,18423.72204,18557.47733,18194.8074,18419.74368
2023-04-30,18428.0376,18435.5808,18402.82584,18425.316
2023-05-01,18419.38938,18430.88832,18293.184,18319.44192
2023-05-02,18311.79966,18404.04789,18179.01888,18328.62407
2023-05-03,18327.372,18531.221,18298.69461,18445.48461
2023-05-04,18471.73982,18522.46172,18268.19643,18448.5295
2023-05-05,18391.8119,18582.57988,18372.2077,18526.80031
2023-05-07,18544.347,18544.347,18513.7449,18528.12052
2023-05-08,18526.8897,18644.52579,18476.19774,18540.8892
2023-05-09,18555.79835,18661.40072,18480.6438,18578.09075
2023-05-10,18609.55075,18709.0449,18547.4119,18577.43866
2023-05-11,18579.584,18634.77252,18353.9055,18417.4431
2023-05-12,18442.38942,18497.975,18316.5376,18353.1015
2023-05-14,18374.075,18380.27,18345.36944,18353.62608
2023-05-15,18361.5375,18580.03758,18343.15784,18533.9232
2023-05-16,18551.8946,18609.77846,18409.5585,18491.42736
2023-05-17,18483.04944,18620.18168,18393.0168,18555.32484
2023-05-18,18569.0612,18579.5896,18410.301,18431.69796
2023-05-19,18446.03904,18679.95883,18411.7869,18565.2036
2023-05-20,18582.6252,18582.6252,18565.2036,18565.2036
2023-05-21,18582.6252,18592.18232,18555.35706,18583.07319
2023-05-22,18584.41716,18624.73626,18469.3027,18505.87256
2023-05-23,18519.5493,18550.2636,18371.1828,18465.77352
2023-05-24,18464.78375,18598.4084,18372.3876,18414.9416
2023-05-25,18425.34,18526.93676,18330.93944,18409.5136
2023-05-26,18419.596,18553.28504,18384.5007,18452.44764
2023-05-28,18458.9565,18467.0322,18439.89048,18457.5303
2023-05-29,18469.42853,18530.01322,18441.7968,18489.70645
2023-05-30,18474.9193,18655.75907,18407.6484,18592.23438
2023-05-31,18574.558,18685.9104,18416.7852,18637.24904
2023-06-01,18657.0,18809.4,18580.16,18765.06256
2023-06-02,18781.7478,18816.6,18635.12,18650.5848
2023-06-03,18659.552,18670.7552,18652.0832,18652.0832
2023-06-04,18670.7552,18677.50475,18642.19376,18646.98864
2023-06-05,18665.65554,18673.15504,18382.3088,18504.38416
2023-06-06,18503.99005,18544.6261,18354.546,18444.50888
2023-06-07,18440.08216,18608.60113,18386.499,18500.2812
2023-06-08,18495.306,18727.1949,18491.0884,18698.49954
2023-06-09,18621.22017,18759.249,18585.1857,18655.6059
2023-06-10,18646.1115,18646.1115,18646.1115,18646.1115
2023-06-11,18644.8546,18748.223,18636.54756,18657.16682
2023-06-12,18680.8545,18770.7351,18522.4741,18588.46041
2023-06-13,18604.6005,18777.83004,18574.6141,18731.19108
2023-06-14,18746.2515,18939.13946,18716.7827,18857.88916
2023-06-15,18857.2934,19120.8648,18804.8788,19093.68529
2023-06-16,19092.78895,19208.059,19035.51302,19136.88794
2023-06-18,19149.8797,19164.8207,19133.30498,19147.03966
2023-06-19,19147.18895,19251.6489,19064.63158,19177.07649
2023-06-20,19216.66031,19274.34613,19057.0868,19136.99214
2023-06-21,19189.32085,19253.37897,18958.78612,19072.5534
2023-06-22,19073.66703,19233.4212,18961.82052,19030.84422
2023-06-23,19006.03535,19127.3247,18919.6775,19054.76625
2023-06-24,19052.5179,19060.1445,19052.5179,19052.5179
2023-06-25,19060.1445,19065.5427,19043.07483,19056.11526
2023-06-26,19063.89325,19165.94456,19017.59353,19077.03936
2023-06-27,19092.7307,19168.14616,19034.1752,19106.4783
2023-06-28,19114.57635,19125.4496,18895.73296,18939.35095
2023-06-29,18952.9726,18997.81662,18872.05034,18901.4906
2023-06-30,18908.24515,19087.13181,18884.6411,19025.23792
2023-07-02,19052.1888,19052.1888,19006.052,19038.99144
2023-07-03,19034.34237,19132.69702,18973.0762,19058.5776
2023-07-04,19075.8909,19163.57856,19003.08873,19052.06823
2023-07-05,19105.2342,19141.1559,19017.74342,19064.28171
2023-07-06,19065.4018,19258.4108,19020.9057,19156.22703
2023-07-07,19182.5244,19458.82848,19137.87945,19420.868
2023-07-08,19424.7188,19424.7188,19419.5844,19419.5844
2023-07-09,19419.5844,19427.7454,19406.57346,19411.11216
2023-07-10,19411.71732,19582.82676,19289.77758,19530.9982
2023-07-11,19530.16809,19647.8093,19440.84332,19566.7486
2023-07-12,19565.2352,19708.758,19418.77813,19576.998
2023-07-13,19583.642,19816.1756,19407.98772,19649.37804
2023-07-14,19663.22325,19680.29475,19512.45193,19573.2906
2023-07-15,19573.2906,19574.5995,19554.966,19574.5995
2023-07-16,19554.966,19587.94552,19547.496,19575.38416
2023-07-17,19558.5516,19677.76979,19497.5964,19606.99278
2023-07-18,19616.6367,19695.2629,19514.34162,19540.5143
2023-07-19,19541.5636,19555.5793,19286.79597,19389.7704
2023-07-20,19395.1504,19445.15357,19225.8673,19279.4013
2023-07-21,19286.85816,19396.15271,19202.89504,19303.47013
2023-07-23,19310.781,19318.292,19296.4112,19301.21728
2023-07-24,19304.92242,19363.3636,19211.607,19259.76484
2023-07-25,19267.60925,19389.31175,19199.4101,19335.66011
2023-07-26,19375.56133,19490.69439,19324.0875,19432.6202
2023-07-27,19433.07062,19532.6874,19145.55864,19184.52312
2023-07-28,19194.3,19458.98724,19136.24244,19380.61338
2023-07-30,19377.8,19399.77641,19369.0536,19393.28814
2023-07-31,19391.93013,19436.9427,19336.9272,19347.78048
2023-08-01,19350.04158,19414.3079,19135.25733,19319.8783
2023-08-02,19326.28344,19454.48457,19158.212,19281.46759
2023-08-03,19280.19648,19355.62167,19142.016,19290.8958
2023-08-04,19310.7177,19437.7479,19201.39926,19326.21472
2023-08-06,19332.342,19353.2697,19323.03028,19323.18192
2023-08-07,19325.51775,19425.06021,19264.82558,19398.762
2023-08-08,19395.31925,19477.12602,19247.6665,19387.65662
2023-08-09,19399.9995,19460.44275,19307.64924,19315.8513
2023-08-10,19333.08783,19502.37018,19229.97152,19239.68608
2023-08-11,19266.0,19404.25239,19224.96245,19306.3046
2023-08-12,19320.268,19320.268,19306.3046,19306.3046
2023-08-13,19320.268,19334.8792,19288.0538,19308.89013
2023-08-14,19322.8554,19499.11056,19187.97858,19416.55779
2023-08-15,19430.356,19584.98234,19403.85132,19474.98995
2023-08-16,19483.07,19584.62742,19383.85614,19451.08374
2023-08-17,19480.51714,19570.96265,19407.84417,19475.07177
2023-08-18,19498.88148,19554.80562,19387.06473,19450.167
2023-08-19,19450.167,19484.538,19450.167,19450.167
2023-08-20,19484.538,19501.68072,19448.6391,19452.61164
2023-08-21,19486.52778,19580.7479,19419.609,19539.23131
2023-08-22,19540.61002,19620.45312,19457.57418,19486.97919
2023-08-23,19486.36683,19564.14915,19286.00327,19443.63286
2023-08-24,19477.77015,19493.8509,19180.52004,19207.08321
2023-08-25,19220.795,19365.02832,19120.98286,19225.30594
2023-08-27,19236.5215,19248.4516,19221.3308,19232.95044
2023-08-28,19233.25622,19290.58779,19198.36908,19257.22864
2023-08-29,19266.04836,19350.7605,19155.14752,19285.6322
2023-08-30,19295.6596,19450.5486,19191.32456,19374.6012
2023-08-31,19377.85355,19402.94817,19261.70928,19301.2288
2023-09-01,19300.92416,19402.27536,19134.6478,19172.90304
2023-09-03,19176.5592,19204.325,19164.372,19177.47324
2023-09-04,19183.00559,19282.03596,19166.76253,19235.05776
2023-09-05,19255.87,19291.13224,19084.54584,19172.78091
2023-09-06,19167.75495,19280.42692,19040.52825,19110.79133
2023-09-07,19112.47312,19183.5196,19027.92495,19104.3249
2023-09-08,19103.40576,19202.09536,19073.38052,19095.1335
2023-09-09,19096.38,19096.38,19096.38,19096.38
2023-09-10,19118.817,19160.2296,19093.6016,19110.4525
2023-09-11,19128.55164,19269.81003,19099.42282,19163.76262
2023-09-12,19203.771,19233.3965,19085.9421,19150.348
2023-09-13,19149.40588,19234.08268,19065.98892,19188.8678
2023-09-14,19188.56052,19218.27754,19008.0264,19045.19269
2023-09-15,19086.9288,19146.9264,18995.89264,19005.2955
2023-09-17,19035.6985,19035.6985,18997.4573,19006.82019
2023-09-18,19026.7868,19083.47208,18986.40602,19029.5525
2023-09-19,19034.208,19110.58488,19004.65344,19052.54625
2023-09-20,19053.79447,19128.802,18953.6692,18974.5908
2023-09-21,19002.50457,19022.25641,18799.66818,18890.19159
2023-09-22,18924.1498,18926.9209,18795.52504,18810.1191
2023-09-24,18822.044,18844.9602,18804.43257,18806.58423
2023-09-25,18813.01006,18873.72907,18745.82568,18795.45824
2023-09-26,18797.295,18932.64846,18705.55728,18819.71812
2023-09-27,18822.3504,18903.1668,18722.2146,18828.72124
2023-09-28,18836.90644,18976.24658,18802.65772,18931.42392
2023-09-29,18942.40644,19049.67037,18816.72751,18887.0545
2023-09-30,18887.0545,18887.0545,18843.1453,18843.1453
2023-10-01,18887.0545,18900.991,18832.02202,18837.27468
2023-10-02,18884.5769,18984.83664,18667.18119,18765.378
2023-10-03,18752.3599,18889.23135,18698.678,18807.1624
2023-10-04,18830.3387,19047.10698,18746.26806,18963.47376
2023-10-05,18971.81363,19063.5676,18850.01106,19027.371
2023-10-06,19015.5218,19169.00374,18881.84694,19096.1752
2023-10-07,19121.875,19121.875,19096.1752,19097.399
2023-10-08,19121.875,19121.875,19030.6384,19060.625
2023-10-09,19063.75,19222.32657,18978.67708,19194.70656
2023-10-10,19194.0792,19339.28876,19121.83126,19318.67238
2023-10-11,19285.95351,19411.8225,19241.1312,19315.959
2023-10-12,19333.7973,19366.62075,19087.74168,19098.09312
2023-10-13,19116.04434,19229.01708,19006.0838,19030.85662
2023-10-15,19067.4405,19088.64225,19015.4912,19038.22575
2023-10-16,19039.79365,19213.78456,19035.24674,19189.62252
2023-10-17,19188.55847,19206.46686,19040.90244,19142.1637
2023-10-18,19144.9559,19213.25942,19064.75658,19088.936
2023-10-19,19093.63472,19326.28284,19009.84428,19195.44589
2023-10-20,19236.67572,19334.79674,19129.75851,19296.704
2023-10-21,19277.248,19296.704,19277.248,19296.704
2023-10-22,19296.704,19298.44959,19265.04119,19276.29682
2023-10-23,19308.864,19569.94832,19281.07575,19503.14902
2023-10-24,19516.6172,19588.1878,19224.51432,19265.5118
2023-10-25,19291.36405,19328.1824,19178.84512,19209.40032
2023-10-26,19214.71988,19349.30844,19146.2616,19300.4992
2023-10-27,19319.2668,19397.81176,19263.897,19315.1948
2023-10-28,19315.1948,19315.1948,19315.1948,19315.1948
2023-10-29,19315.1948,19327.942,19299.2608,19312.8047
2023-10-30,19316.91896,19402.66002,19180.30905,19324.95092
2023-10-31,19357.90272,19413.27648,19225.74024,19290.12678
2023-11-01,19309.246,19401.00156,19206.12687,19357.55796
2023-11-02,19369.74969,19488.35073,19232.39329,19334.82906
2023-11-03,19334.98755,19673.12826,19158.1216,19460.0224
2023-11-04,19460.0224,19514.4768,19460.0224,19460.0224
2023-11-05,19514.4768,19514.4768,19439.5812,19455.3052
2023-11-06,19259.11988,19355.99016,19121.89125,19176.7147
2023-11-07,19189.21435,19297.1263,19047.7908,19218.125
2023-11-08,19173.0497,19263.23203,19076.84192,19217.8718
2023-11-09,19193.75,19286.65872,19080.34128,19127.30323
2023-11-10,19125.26886,19224.51711,19066.09215,19177.76293
2023-11-11,19178.8284,19178.8284,19175.0958,19176.318
2023-11-12,19176.318,19176.318,19175.0958,19175.0958
2023-11-13,19170.3558,19309.38648,19156.73967,19270.03484
2023-11-14,19264.3389,19639.4224,19236.26916,19607.01397
2023-11-15,19615.611,19617.96525,19174.26147,19281.89343
2023-11-16,19242.63,19455.0264,19182.955,19290.26999
2023-11-17,19351.7111,19432.7791,19159.1274,19293.71796
2023-11-18,19295.26686,19314.55,19293.71796,19300.8429
2023-11-19,19314.55,19314.55,19300.8429,19300.8429
2023-11-20,19301.84,19402.28,19127.48895,19305.23438
2023-11-21,19275.07015,19420.44559,19242.28242,19351.76656
2023-11-22,19345.38177,19579.41786,19209.43466,19450.3517
2023-11-23,19463.4708,19631.67729,19404.79242,19488.65013
2023-11-24,19475.80565,19684.91412,19461.0436,19606.51826
2023-11-25,19641.7755,19641.7755,19609.0077,19609.0077
2023-11-26,19641.7755,19641.7755,19591.8928,19602.7841
2023-11-27,19635.5415,19705.82985,19476.24445,19558.42497
2023-11-28,19601.70975,19739.88225,19443.95712,19583.56683
2023-11-29,19583.25825,19666.7363,19438.58756,19536.48939
2023-11-30,19524.6024,19708.0954,19383.414,19568.68368
2023-12-01,19569.76896,19768.44906,19524.59144,19670.86799
2023-12-02,19673.03505,19725.144,19658.33,19659.6
2023-12-03,19710.4,19727.472,19658.33,19670.7132
2023-12-04,19704.192,19748.424,19407.82167,19516.10374
2023-12-05,19504.45356,19628.62308,19419.99129,19516.80577
2023-12-06,19494.09781,19564.64474,19428.00248,19453.25466
2023-12-07,19462.71426,19601.24166,19430.656,19529.70825
2023-12-08,19555.87524,19572.33916,19351.53622,19448.9928
2023-12-09,19440.027,19451.3184,19440.027,19451.3184
2023-12-10,19440.027,19455.50448,19412.136,19415.235
2023-12-11,19424.2221,19665.57052,19413.22065,19596.94341
2023-12-12,19595.8574,19740.89088,19532.47824,19615.55592
2023-12-13,19609.9064,19803.15856,19492.18812,19751.90412
2023-12-14,19712.5,20027.57106,19496.42703,19778.40088
2023-12-15,19772.0556,19858.37504,19596.1292,19628.43525
2023-12-16,19646.25,19646.25,19632.3075,19632.3075
2023-12-17,19646.25,19646.25,19632.3075,19632.3075
2023-12-18,19686.00669,19763.76837,19553.1952,19609.30416
2023-12-19,19615.2106,19808.71074,19565.27272,19733.48179
2023-12-20,19736.68134,19769.34828,19553.93316,19593.33504
2023-12-21,19602.6237,19740.69942,19547.02882,19692.52467
2023-12-22,19640.06478,19766.2542,19608.04033,19647.4947
2023-12-24,19658.33,19697.7,19655.79,19655.79
2023-12-25,19651.1469,19679.0055,19623.44307,19631.0268
2023-12-26,19639.476,19713.0244,19632.17049,19695.63439
2023-12-27,19703.26885,19824.5164,19541.10609,19740.76075
2023-12-28,19720.3311,19796.68075,19536.91911,19624.17996
2023-12-29,19622.51808,19738.77604,19550.22606,19596.562
2023-12-30,19647.2115,19647.2115,19595.0226,19595.0226
2023-12-31,19595.0226,19595.0226,19593.4832,19595.0226
2024-01-01,19647.2115,19648.755,19564.2346,19587.0585
2024-01-02,19606.71978,19751.04921,19431.21127,19507.68136
2024-01-03,19517.7255,19679.15384,19501.6504,19617.3105
2024-01-04,19615.9164,19793.56602,19584.51336,19636.49912
2024-01-05,19642.99491,19830.65352,19532.55834,19723.26057
2024-01-06,19728.874,19728.874,19721.2444,19721.2444
2024-01-07,19728.874,19728.874,19721.2444,19728.874
2024-01-08,19702.31778,19828.58301,19629.05481,19783.6544
2024-01-09,19794.44068,19822.45792,19666.52611,19719.2547
2024-01-10,19717.7032,19860.2496,19680.75012,19831.6488
2024-01-11,19833.07865,19898.36208,19718.36944,19838.49632
2024-01-12,19836.94773,19905.90064,19764.20949,19814.40312
2024-01-13,19830.88338,19832.9054,19814.40312,19820.1544
2024-01-14,19832.9054,19832.9054,19820.1544,19820.1544
2024-01-15,19815.33576,19861.37468,19754.10914,19789.83426
2024-01-16,19800.85017,19852.46032,19627.28152,19692.7216
2024-01-17,19692.7216,19861.93528,19629.76224,19817.0498
2024-01-18,19817.83155,19869.2707,19747.96264,19837.11858
2024-01-19,19851.71875,19878.00564,19755.91232,19824.67872
2024-01-20,19844.3346,19844.3346,19823.43,19823.43
2024-01-21,19841.21,19841.21,19823.43,19841.21
2024-01-22,19793.41511,19906.30318,19788.73541,19861.17691
2024-01-23,19853.4375,19979.80454,19762.32888,19819.98144
2024-01-24,19857.55233,20087.09552,19805.7636,19982.39776
2024-01-25,19977.29148,20170.10325,19908.21588,20100.88692
2024-01-26,20032.9008,20214.25052,19982.1375,20087.7335
2024-01-27,20101.70625,20101.70625,20086.9428,20086.9428
2024-01-28,20086.9428,20100.915,20069.5474,20075.873
2024-01-29,20090.154,20134.177,20003.90385,20085.9423
2024-01-30,20101.0502,20124.7802,19938.17826,20032.83808
2024-01-31,20054.74105,20165.23205,19965.9405,20011.36962
2024-02-01,20045.144,20154.006,19889.10992,20080.90575
2024-02-02,20067.21831,20114.78029,19726.40904,19768.49736
2024-02-03,19810.155,19810.155,19771.002,19771.002
2024-02-04,19810.155,19810.155,19771.002,19771.002
2024-02-05,19815.1742,19869.78984,19595.20758,19674.61476
2024-02-06,19720.52358,19842.63552,19668.018,19803.74904
2024-02-07,19813.6653,19885.3941,19652.19927,19731.6125
2024-02-08,19796.4704,19818.90228,19647.84106,19719.42188
2024-02-09,19783.30641,19825.33149,19690.35194,19731.14363
2024-02-11,19797.568,19797.568,19725.3609,19789.728
2024-02-12,19712.7399,19842.4128,19651.02573,19686.56865
2024-02-13,19711.51347,19805.1875,19561.70834,19617.7128
2024-02-14,19629.04524,19661.8101,19529.53,19588.35795
2024-02-15,19586.79905,19702.7485,19493.26408,19671.76632
2024-02-16,19653.51576,19787.6413,19579.72303,19670.20492
2024-02-17,19715.87,19715.87,19670.5172,19670.5172
2024-02-18,19715.87,19724.008,19670.5172,19717.435
2024-02-19,19717.435,19765.1675,19640.64861,19676.0844
2024-02-20,19678.78648,19843.9384,19659.56281,19758.63534
2024-02-21,19759.27135,19821.07822,19695.6658,19750.67988
2024-02-22,19781.00916,19900.84826,19652.9824,19728.40896
2024-02-23,19780.78125,19846.09375,19691.51551,19748.61287
2024-02-24,19741.36365,19752.8219,19741.36365,19752.8219
2024-02-25,19760.2215,19765.2931,19736.844,19758.74572
2024-02-26,19791.36956,19860.74805,19724.6877,19818.73152
2024-02-27,19825.2483,19883.0322,19779.82776,19829.22756
2024-02-28,19852.338,19902.5812,19731.6714,19853.232
2024-02-29,19839.0035,19948.3141,19762.8473,19829.62779
2024-03-01,19831.8327,19899.89532,19748.29956,19857.6182
2024-03-02,19849.115,19852.91,19849.115,19852.91
2024-03-03,19849.115,19863.8958,19844.4077,19863.8958
2024-03-04,19850.37028,19993.67775,19844.09388,19968.49142
2024-03-05,19968.17674,20087.87352,19918.3404,20027.68908
2024-03-06,20010.54293,20117.54388,19902.52548,19979.87446
2024-03-07,20011.56,20138.892,19884.15154,20042.30026
2024-03-08,20049.51505,20185.08735,19942.21053,20053.488
2024-03-09,20036.3488,20056.92,20036.3488,20056.92
2024-03-10,20056.92,20066.28,20025.44,20028.86848
2024-03-11,20051.928,20064.72,19939.26048,19967.31168
2024-03-12,19965.75328,20003.06567,19857.8006,19934.89696
2024-03-13,19952.99288,19984.19088,19862.2926,19924.73913
2024-03-14,19929.23529,19985.9278,19813.28328,19861.5222
2024-03-15,19868.2392,19951.2483,19817.44778,19858.8271
2024-03-16,19858.8271,19898.318,19858.8271,19858.8271
2024-03-17,19858.8271,19898.318,19837.0025,19849.4737
2024-03-18,19850.25315,20005.94565,19825.46664,19963.06572
2024-03-19,19944.9327,20014.84551,19849.6591,19982.00509
2024-03-20,19985.3194,20125.4593,19918.79656,20079.5364
2024-03-21,20002.36896,20133.18925,19784.6,19811.53251
2024-03-22,19821.1752,20005.11033,19683.33444,19875.5573
2024-03-23,19875.5573,19875.5573,19871.777,19875.5573
2024-03-24,19875.5573,19878.71028,19855.2185,19868.4653
2024-03-25,19867.9922,19994.58772,19850.80824,19956.66652
2024-03-26,19950.19044,20019.2404,19905.36827,19932.19287
2024-03-27,19976.39402,20046.25638,19909.5975,20027.1176
2024-03-28,20029.328,20103.09756,19945.5004,19998.5912
2024-03-29,20003.4925,20067.7737,19983.06016,20007.455
2024-03-30,20004.9304,20032.701,20004.9304,20004.9304
2024-03-31,20004.9304,20049.0471,20003.3456,20039.6838
2024-04-01,20037.1446,20117.2146,19871.8072,19936.18277
2024-04-02,19937.45341,20075.94323,19899.5517,19992.74472
2024-04-03,20038.1877,20160.8487,19966.0428,20130.57344
2024-04-04,20138.1632,20210.04824,20065.463,20085.12601
2024-04-05,20101.55918,20118.38598,19909.6716,20014.1604
2024-04-06,20014.1604,20053.332,20014.1604,20040.696
2024-04-07,20014.1604,20053.332,19995.1536,20041.9056
2024-04-08,20042.6991,20097.9267,19966.2207,20040.76992
2024-04-09,20077.93908,20169.6591,20033.64237,20076.72445
2024-04-10,20116.0185,20167.2786,19829.95283,19855.92879
2024-04-11,19858.608,19962.0795,19815.06417,19884.91416
2024-04-12,19885.3776,19928.14516,19682.01657,19719.555
2024-04-13,19719.555,19719.555,19719.555,19719.555
2024-04-14,19755.66,19757.2468,19697.69718,19714.01135
2024-04-15,19718.5824,19834.9608,19696.58845,19709.10126
2024-04-16,20035.04451,20203.23081,19971.29247,20092.5186
2024-04-17,20130.98327,20300.23688,20113.65034,20195.4582
2024-04-18,20138.00443,20268.58575,20078.37468,20116.51252
2024-04-19,20210.5062,20303.21688,20094.00087,20099.20055
2024-04-21,20133.8025,20149.58925,20094.00087,20098.06312
2024-04-22,20034.59922,20123.53119,19923.1501,20042.00355
2024-04-23,20049.15234,20237.5874,19994.2941,20181.24152
2024-04-24,20087.72913,20162.743,20047.8658,20123.43039
2024-04-25,20160.97548,20313.62104,20136.8726,20248.93528
2024-04-26,20267.37885,20349.0266,20165.48714,20241.71272
2024-04-28,20237.1756,20262.024,20216.59652,20262.024
2024-04-29,20272.77993,20438.007,20259.31509,20410.3689
2024-04-30,20415.99924,20454.192,20293.82086,20308.6719
2024-05-01,20328.17385,20420.105,20262.07386,20354.30016
2024-05-02,20355.04674,20389.99284,20177.15448,20274.39027
2024-05-03,20132.36864,20346.43776,20126.5856,20170.14076
2024-05-04,20172.36,20172.36,20172.36,20172.36
2024-05-05,20171.1055,20193.9154,20162.10126,20184.905
2024-05-06,20170.78392,20264.2287,20021.45313,20126.5668
2024-05-07,20127.0474,20188.5442,20024.55095,20060.61886
2024-05-08,20110.97004,20125.24743,19996.30247,20041.37206
2024-05-09,20089.97997,20139.49713,19960.85628,20085.31892
2024-05-10,20131.49252,20162.64801,20052.27858,20082.4319
2024-05-11,20083.684,20083.684,20083.684,20083.684
2024-05-12,20082.4319,20134.8348,20071.2046,20126.7963
2024-05-13,20107.63449,20225.87388,20099.4444,20185.40772
2024-05-14,20193.7464,20314.86628,20106.80586,20255.72922
2024-05-15,20230.871,20463.3245,20160.64282,20324.20064
2024-05-16,20190.70446,20262.85632,20107.4272,20168.57705
2024-05-17,20195.66934,20321.08348,20141.26476,20255.23
2024-05-18,20288.25,20288.25,20255.23,20255.23
2024-05-19,20288.25,20288.25,20232.9014,20246.61754
2024-05-20,20279.943,20340.4392,20237.52661,20291.64861
2024-05-21,20296.38968,20406.31146,20258.2734,20322.9702
2024-05-22,20361.42,20443.7628,20267.61082,20332.89152
2024-05-23,20334.1632,20384.36272,20282.0465,20303.15198
2024-05-24,20307.76104,20391.3992,20266.53717,20363.5904
2024-05-25,20364.864,20364.864,20363.5904,20363.5904
2024-05-26,20363.5904,20371.26,20347.6014,20365.1838
2024-05-27,20402.91973,20532.48613,20360.067,20503.81002
2024-05-28,20415.8721,20605.28679,20393.1663,20526.72248
2024-05-29,20572.35732,20644.33752,20429.9557,20519.78004
2024-05-30,20521.3734,20738.41968,20484.0797,20695.56804
2024-05-31,20690.3125,20750.18148,20617.01766,20696.4804
2024-06-01,20700.3027,20700.3027,20696.4804,20697.7545
2024-06-02,20700.3027,20701.27752,20665.6168,20693.39404
2024-06-03,20699.27612,20818.61082,20563.0106,20774.50752
2024-06-04,20770.0344,20807.28014,20622.462,20704.95372
2024-06-05,20723.94613,20844.82323,20682.2325,20812.86429
2024-06-06,20812.39968,20858.33844,20736.9738,20789.84124
2024-06-07,20817.18975,20860.80675,20574.7192,20592.08422
2024-06-08,20627.1015,20627.1015,20594.0269,20594.0269
2024-06-09,20627.1015,20643.3165,20577.8379,20597.75037
2024-06-10,20621.10195,20750.33543,20539.95564,20711.9198
2024-06-11,20726.8966,20783.99583,20670.74064,20744.02476
2024-06-12,20751.6681,20962.452,20727.07396,20848.77977
2024-06-13,20796.77012,20869.9842,20697.9762,20753.02664
2024-06-14,20778.22116,20950.17304,20606.21046,20790.8708
2024-06-15,20760.434,20790.8708,20760.434,20790.8708
2024-06-16,20760.434,20798.08416,20749.7935,20790.37898
2024-06-17,20759.7792,20837.0613,20720.86234,20822.67516
2024-06-18,20789.77583,20855.7516,20737.39503,20835.62642
2024-06-19,20828.7801,20879.586,20743.52664,20809.102
2024-06-20,20795.928,20898.34875,20685.57225,20778.59945
2024-06-21,20808.97937,20879.80656,20718.6847,20794.7025
2024-06-22,20807.3475,20807.3475,20793.438,20793.438
2024-06-23,20793.438,20793.438,20768.772,20785.05156
2024-06-24,20785.216,20912.3362,20703.07647,20790.10206
2024-06-25,20752.53663,20907.04475,20720.518,20766.20447
2024-06-26,20766.20447,20872.69808,20649.4935,20699.63775
2024-06-27,20680.86784,20817.7958,20664.15616,20724.14722
2024-06-28,20752.07302,20789.33961,20656.36848,20695.3267
2024-06-29,20721.877,20721.877,20695.3267,20695.3267
2024-06-30,20695.3267,20744.9869,20685.01423,20726.6301
2024-07-01,20668.6224,20832.3456,20602.83352,20637.98654
2024-07-02,20677.191,20806.88721,20586.4185,20781.90756
2024-07-03,20770.0038,20950.77484,20739.61302,20850.51788
2024-07-04,20877.27545,20919.54875,20778.48145,20828.28132
2024-07-05,20815.52202,21000.6545,20742.45504,20851.8555
2024-07-06,20886.0056,20886.0056,20843.7392,20843.7392
2024-07-07,20843.7392,20849.27236,20807.9364,20840.4844
2024-07-08,20883.72262,20947.15685,20784.94566,20808.95687
2024-07-09,20823.2064,20916.2925,20755.44612,20771.2028
2024-07-10,20811.63292,20913.19516,20751.1105,20857.76788
2024-07-11,20825.80947,21045.20236,20784.35235,20902.26546
2024-07-12,20901.7757,21038.43865,20796.08904,20949.83766
2024-07-14,20982.08,20982.08,20901.91968,20936.2851
2024-07-15,20956.4015,21031.108,20888.93448,20955.97944
2024-07-16,20963.2731,21039.11991,20912.49828,20979.2954
2024-07-17,21013.344,21131.766,20860.35384,20935.23614
2024-07-18,20942.06217,21033.72828,20829.85214,20897.12898
2024-07-19,20908.4472,21004.41595,20833.17894,20894.835
2024-07-21,20908.1096,20923.13025,20889.98352,20915.35665
2024-07-22,20916.00445,21010.20514,20885.77568,20964.05344
2024-07-23,20978.276,20987.0375,20850.36267,20912.23424
2024-07-24,20910.96,20996.10646,20860.902,20921.60466
2024-07-25,20922.09093,21011.06772,20822.56767,20875.81416
2024-07-26,20902.8021,20984.701,20872.07804,20946.43488
2024-07-28,20968.488,20968.488,20933.082,20949.04032
2024-07-29,20940.00328,20994.552,20821.92576,20925.1092
2024-07-30,20940.29658,21009.05469,20862.61704,20910.74196
2024-07-31,20938.18155,20987.77915,20837.32118,20894.67954
2024-08-01,20876.04645,20953.827,20622.18264,20672.01333
2024-08-02,20686.0248,20899.99354,20571.03852,20774.5623
2024-08-03,20771.154,20771.154,20725.0812,20726.361
2024-08-04,20725.0812,20793.5514,20725.0812,20783.8134
2024-08-05,20783.3265,20801.5041,20486.92662,20665.11312
2024-08-06,20628.072,20745.9812,20465.926,20503.34715
2024-08-07,20530.6402,20606.848,20310.03651,20343.20535
2024-08-08,20427.93495,20524.6659,20121.3576,20250.84828
2024-08-09,20326.999,20374.0515,20200.93492,20307.54992
2024-08-11,20299.569,20318.21565,20289.5457,20306.43559
2024-08-12,20300.37582,20443.37281,20279.8406,20352.35941
2024-08-13,20367.1944,20545.1484,20185.20219,20351.66188
2024-08-14,20211.96177,20233.80044,20067.0085,20141.27775
2024-08-15,20010.24121,20226.2751,19964.22416,20167.7691
2024-08-16,20230.59582,20386.0662,20132.62803,20301.3696
2024-08-17,20337.6128,20337.6128,20301.3696,20301.3696
2024-08-18,20337.6128,20337.6128,20282.86248,20295.096
2024-08-19,20330.22816,20420.8864,20108.96192,20189.01352
2024-08-20,20243.40852,20343.15892,19997.81532,20103.83271
2024-08-21,20166.0915,20327.19836,20059.43472,20265.1068
2024-08-22,20227.21312,20489.20895,20203.7276,20410.83066
2024-08-23,20385.96175,20710.08546,20176.53245,20460.5576
2024-08-24,20547.77,20547.77,20460.5576,20460.5576
2024-08-25,20547.77,20557.2555,20445.38328,20450.493
2024-08-26,20539.5285,20560.21,20149.98466,20339.6288
2024-08-27,20273.1675,20614.96974,20263.635,20529.43038
2024-08-28,20545.31941,20581.2978,20295.92208,20340.43642
2024-08-29,20408.41494,20463.4917,20189.4055,20285.64032
2024-08-30,20280.52845,20438.88,20194.56855,20278.3574
2024-08-31,20305.922,20305.922,20278.3574,20278.3574
2024-09-01,20278.3574,20290.25313,20270.78739,20281.60169
2024-09-02,20281.4472,20454.55401,20268.47004,20398.94955
2024-09-03,20334.3868,20487.4569,20246.0531,20340.28773
2024-09-04,20383.53984,20525.3325,20258.92248,20338.6412
2024-09-05,20356.2713,20417.2822,20216.22152,20287.90654
2024-09-06,20302.40355,20393.60115,20120.76756,20161.7593
2024-09-07,20163.072,20176.199,20161.7593,20163.072
2024-09-08,20176.199,20181.5785,20153.15826,20174.9694
2024-09-09,20176.5064,20330.9067,20069.91248,20196.4777
2024-09-10,20187.3266,20275.99175,20133.45639,20194.72884
2024-09-11,20193.65782,20248.93728,20008.16224,20080.16035
2024-09-12,20099.4171,20264.45864,20054.32924,20243.61575
2024-09-13,20233.11663,20294.43648,20175.03912,20201.319
2024-09-14,20207.88,20207.88,20200.0068,20201.319
2024-09-15,20201.319,20205.3217,20193.6215,20198.08605
2024-09-16,20197.54376,20357.0418,20195.08072,20341.16978
2024-09-17,20354.11561,20374.75295,20124.59904,20170.35807
2024-09-18,20180.09325,20417.44212,20127.3644,20247.61623
2024-09-19,20268.9036,20430.333,20030.55141,20225.93948
2024-09-20,20297.09394,20386.49364,19986.46328,20173.3224
2024-09-21,20108.0495,20174.6545,20108.0495,20174.6545
2024-09-22,20108.0495,20173.3224,20092.9545,20103.06815
2024-09-23,20135.18182,20312.81565,19997.70505,20276.08912
2024-09-24,20267.81085,20397.38232,20222.40066,20355.64616
2024-09-25,20357.87281,20387.47576,20046.5408,20105.66082
2024-09-26,20126.39672,20398.33744,20084.99472,20330.49285
2024-09-27,20340.79086,20363.84318,20131.43055,20218.6387
2024-09-28,20240.0355,20240.0355,20218.6387,20219.976
2024-09-29,20240.0355,20242.7598,20207.45064,20215.76609
2024-09-30,20189.62785,20341.2142,20157.01401,20237.33614
2024-10-01,20246.722,20364.09055,20032.27044,20180.6708
2024-10-02,20188.944,20329.32066,20105.34445,20240.30055
2024-10-03,20217.44606,20484.15914,19954.52156,20229.79602
2024-10-04,20196.297,20459.4575,20113.8066,20302.2564
2024-10-05,20316.684,20316.684,20302.2564,20302.2564
2024-10-06,20316.684,20326.9074,20279.0379,20296.83875
2024-10-07,20311.2625,20612.97042,20213.87131,20504.88354
2024-10-08,20506.19175,20577.39036,20404.50541,20494.9095
2024-10-09,20528.15676,20531.6035,20331.857,20406.15045
2024-10-10,20391.65798,20516.51853,20313.804,20443.29427
2024-10-11,20435.14803,20486.51311,20310.36488,20348.9884
2024-10-12,20348.9884,20348.9884,20348.9884,20348.9884
2024-10-13,20348.9884,20349.14414,20336.5292,20345.0949
2024-10-14,20388.40065,20403.77262,20266.23984,20307.3024
2024-10-15,20337.73896,20412.85212,20241.89621,20356.15244
2024-10-16,20324.9385,20366.58702,20118.61056,20138.9208
2024-10-17,20173.52652,20236.59509,20081.52586,20152.7998
2024-10-18,20182.97344,20330.94448,20081.97047,20170.9032
2024-10-19,20170.9032,20170.9032,20170.9032,20170.9032
2024-10-20,20170.9032,20175.0589,20152.81617,20163.32829
2024-10-21,20166.09152,20238.43921,20008.61954,20109.21381
2024-10-22,20071.4088,20263.0535,20011.8878,20188.46984
2024-10-23,20190.0789,20312.17188,20076.8385,20170.32134
2024-10-24,20175.99944,20311.62042,20103.54216,20201.86525
2024-10-25,20220.0741,20330.95385,20176.73996,20260.1006
2024-10-26,20247.1416,20260.1006,20247.1416,20260.1006
2024-10-27,20247.1416,20280.4248,20239.3296,20261.664
2024-10-28,20248.86024,20456.24542,20216.20608,20383.9668
2024-10-29,20391.82664,20535.6192,20368.05144,20491.70042
2024-10-30,20467.73124,20549.5616,20296.23174,20336.86625
2024-10-31,20324.37412,20444.47092,20124.32346,20226.57258
2024-11-01,20221.22436,20416.55658,20207.2656,20311.9164
2024-11-02,20313.209,20313.209,20313.209,20313.209
2024-11-03,20319.672,20387.8968,20311.9164,20374.7724
2024-11-04,20385.2244,20499.93435,20317.70642,20405.03436
2024-11-05,20401.34079,20592.80325,20352.17525,20511.40245
2024-11-06,20553.60488,20692.03025,20186.12673,20380.04608
2024-11-07,20393.42145,20599.7515,20244.7959,20425.36482
2024-11-08,20262.88628,20385.09354,20102.78924,20230.056
2024-11-09,20240.7465,20243.3307,20239.4544,20239.4544
2024-11-10,20243.3307,20243.3307,20211.2592,20220.6576
2024-11-11,20159.2354,20275.09616,20072.5777,20167.57906
2024-11-12,20164.22208,20334.82264,19932.90336,20106.80232
2024-11-13,20061.08679,20167.99036,19966.4954,20037.98368
2024-11-14,20044.52073,20210.96689,19915.14317,20071.96605
2024-11-15,20110.43592,20244.0968,19964.50983,19998.90216
2024-11-16,20040.03945,20042.1045,19994.62293,19996.6833
2024-11-17,20042.1045,20042.1045,19996.6833,19996.6833
2024-11-18,19992.30258,20152.50525,19945.83552,20085.91412
2024-11-19,20084.1711,20104.92692,19901.73712,20067.52425
2024-11-20,20056.9101,20176.64005,19970.08355,20063.69667
2024-11-21,20085.98226,20195.232,19969.11282,20038.8372
2024-11-22,20059.26442,20071.21717,19815.30292,19886.07866
2024-11-23,19931.8086,19931.8086,19885.4439,19885.4439
2024-11-24,19931.8086,19931.8086,19885.4439,19885.4439
2024-11-25,20027.56272,20062.55592,19862.106,19936.76472
2024-11-26,19993.95393,20107.54018,19835.309,20014.8756
2024-11-27,20014.54,20216.78292,20009.14296,20191.15428
2024-11-28,20190.66428,20211.6866,20021.61798,20121.8976
2024-11-29,20196.5569,20305.49074,20057.71735,20168.43226
2024-11-30,20189.4187,20189.4187,20174.1343,20174.1343
2024-12-01,20189.4187,20197.3442,20179.9081,20183.0783
2024-12-02,20173.09217,20260.4288,19998.73117,20058.64795
2024-12-03,20053.1001,20259.51235,20029.48211,20191.72414
2024-12-04,20190.60876,20314.64397,20019.02045,20225.23164
2024-12-05,20261.91136,20371.98016,20122.37242,20225.58196
2024-12-06,20254.92398,20340.0247,20129.07744,20179.7106
2024-12-08,20187.1506,20188.4248,20166.5547,20170.9964
2024-12-09,20176.69422,20316.97386,20116.23135,20219.27346
2024-12-10,20213.2288,20292.10656,20146.3899,20251.78441
2024-12-11,20251.62582,20346.86985,20161.07093,20284.61136
2024-12-12,20234.0913,20395.42171,20101.2594,20174.30789
2024-12-13,20193.4694,20285.29209,20070.35682,20170.76306
2024-12-14,20176.182,20176.182,20166.0876,20174.9202
2024-12-15,20166.0876,20174.9202,20151.7038,20166.9257
2024-12-16,20155.21984,20352.04622,20144.40572,20284.23056
2024-12-17,20307.67368,20451.04162,20257.36064,20408.09838
2024-12-18,20389.6651,20512.71702,20155.4081,20221.609
2024-12-19,20235.43875,20645.61732,20096.31464,20356.46556
2024-12-20,20342.4408,20565.8656,20188.7308,20340.66905
2024-12-22,20443.4785,20443.4785,20313.9572,20339.8596
2024-12-23,20439.73755,20474.382,20163.90186,20264.76939
2024-12-24,20237.44233,20388.2943,20215.96416,20283.4072
2024-12-25,20300.7387,20344.4868,20276.9336,20315.7752
2024-12-26,20336.6268,20338.8955,20230.8092,20270.29816
2024-12-27,20291.901,20467.8495,20231.19234,20402.12506
2024-12-29,20414.4591,20414.4591,20382.0011,20386.8698
2024-12-30,20425.93334,20481.49466,20151.68498,20243.02403
2024-12-31,20276.6742,20322.97779,20069.43499,20128.46523
2025-01-01,20225.5344,20225.5344,20125.7301,20126.981
2025-01-02,20208.53562,20389.43636,19947.40629,20036.80152
2025-01-03,20088.94639,20181.6254,20023.16848,20102.79376
2025-01-04,20133.6828,20133.6828,20098.9096,20100.1515
2025-01-05,20135.304,20135.304,20100.528,20100.528
2025-01-06,20141.62668,20347.51908,20055.58126,20263.44752
2025-01-07,20211.11946,20358.80073,20109.25845,20116.3024
2025-01-08,20135.0164,20251.5246,19884.05495,20013.5923
2025-01-09,20018.90384,20100.02148,19811.77442,19926.328
2025-01-10,19943.5536,20001.97794,19699.76008,19745.49876
2025-01-11,19758.9236,19758.9236,19744.8516,19746.072
2025-01-12,19758.276,19758.276,19720.5831,19752.1238
2025-01-13,19753.0952,19882.92684,19575.29568,19847.20386
2025-01-14,19859.9752,19938.42552,19715.3428,19858.09224
2025-01-15,19855.899,20100.45706,19766.55407,19964.09436
2025-01-16,19954.4675,20087.11168,19851.41358,20014.67936
2025-01-17,20037.44113,20047.59239,19795.91516,19897.94247
2025-01-18,19908.3984,19908.3984,19897.4517,19897.4517
2025-01-19,19908.3984,19908.3984,19897.4517,19908.3984
2025-01-20,19922.63856,20214.2825,19856.064,20158.26748
2025-01-21,20162.01629,20204.89783,19937.21688,20056.21419
2025-01-22,20168.3241,20220.81962,20028.24906,20048.23966
2025-01-23,20101.03266,20198.96466,19950.3097,20105.55056
2025-01-24,20095.98668,20345.42932,19928.11442,20173.73792
2025-01-25,20209.7405,20209.7405,20177.2951,20177.2951
2025-01-26,20209.7405,20209.7405,20154.6585,20157.8923
2025-01-27,20189.17285,20281.16045,20090.79095,20204.7824
2025-01-28,20237.11005,20241.7608,20072.35829,20116.82304
2025-01-29,20146.04244,20185.23676,20037.91832,20123.61402
2025-01-30,20155.9731,20298.18054,20061.20168,20182.91688
2025-01-31,20175.2775,20352.24085,20131.55424,20191.36186
2025-02-01,20204.373,20204.373,20188.266,20188.266
2025-02-02,20204.373,20204.373,19999.2556,20004.1438
2025-02-03,20041.303,20512.30419,19958.19472,20453.94071
2025-02-04,20476.1152,20548.4864,20225.23115,20385.18996
2025-02-05,20391.3396,20531.3092,20288.5177,20356.07555
2025-02-06,20385.43423,20438.94527,20095.79882,20292.52764
2025-02-07,20291.81175,20413.78321,20134.18902,20167.86585
2025-02-09,20251.488,20251.488,20152.4103,20167.0524
2025-02-10,20189.1456,20314.9388,20110.1109,20204.31723
2025-02-11,20213.37115,20405.4528,20149.41819,20372.20264
2025-02-12,20376.7225,20441.73125,20221.63657,20356.48524
2025-02-13,20355.01293,20591.57504,20323.60056,20542.9575
2025-02-14,20555.3584,20662.68,20385.08292,20453.9916
2025-02-15,20488.38,20488.38,20455.659,20456.9175
2025-02-16,20488.38,20499.776,20447.532,20454.0336
2025-02-17,20344.34259,20569.2916,20323.49748,20461.10697
2025-02-18,20454.6672,20571.744,20386.12851,20517.64935
2025-02-19,20518.7478,20690.08862,20438.58201,20551.6316
2025-02-20,20578.1744,20734.98804,20517.46524,20677.77404
2025-02-21,20714.38656,20731.8832,20526.17455,20589.671
2025-02-23,20580.585,20616.6051,20580.585,20611.5455
2025-02-24,20591.17675,20715.9722,20511.66888,20537.49753
2025-02-25,20574.92116,20733.11058,20507.72526,20692.52655
2025-02-26,20651.68332,20852.47643,20608.9485,20740.22452
2025-02-27,20760.74478,20871.80712,20614.87628,20718.23325
2025-02-28,20696.92426,20938.6358,20629.24914,20840.81056
2025-03-01,20840.089,20845.1198,20840.089,20845.1198
2025-03-02,20840.089,20863.18546,20824.3475,20853.4068
2025-03-03,20845.06,21089.25482,20712.73192,20920.82682
2025-03-04,20862.36565,21120.28994,20816.50077,21031.8564
2025-03-05,21028.64026,21207.29634,20809.09629,21029.15078
2025-03-06,21100.6838,21151.4184,20905.15095,21024.82228
2025-03-07,21004.6704,21169.27176,20962.3932,21044.41066
2025-03-08,21099.652,21099.652,21045.388,21046.68
2025-03-09,21099.652,21101.2851,21007.9233,21037.2435
2025-03-10,21022.53781,21173.8372,20923.88628,21033.61848
2025-03-11,21018.49228,21323.71914,21009.35196,21225.06171
2025-03-12,21250.78332,21378.92428,21202.18308,21305.60156
2025-03-13,21319.40416,21346.26782,21193.49615,21260.63472
2025-03-14,21298.5152,21314.46976,21094.62934,21136.0608
2025-03-15,21191.6684,21191.6684,21136.0608,21136.0608
2025-03-16,21191.6684,21193.96258,21117.10176,21129.5232
2025-03-17,21073.62906,21316.40414,21065.96853,21291.2028
2025-03-18,21281.63303,21425.51024,21206.29488,21346.99866
2025-03-19,21356.41416,21513.6885,21270.48612,21479.6557
2025-03-20,21484.69167,21505.1598,21284.23624,21358.9548
2025-03-21,21366.73584,21416.55936,21224.09437,21296.6945
2025-03-22,21309.5328,21309.5328,21306.9492,21306.9492
2025-03-23,21309.5328,21309.5328,21254.66322,21281.05362
2025-03-24,21274.93225,21490.1336,21262.5655,21382.63192
2025-03-25,21390.84868,21598.63219,21351.02333,21474.4605
2025-03-26,21474.4605,21569.1493,21306.81894,21338.03056
2025-03-27,21349.61752,21565.4208,21279.91936,21439.41648
2025-03-28,21446.495,21477.76722,21391.0788,21417.5652
2025-03-29,21417.5652,21417.5652,21417.5652,21417.5652
2025-03-30,21427.9156,21434.5404,21389.92002,21401.67336
2025-03-31,21412.1817,21485.22012,21331.4844,21380.48424
2025-04-01,21388.5315,21432.38734,21319.8966,21389.25786
2025-04-02,21400.75392,21573.14187,21354.82554,21514.73718
2025-04-03,21526.43421,21875.41662,21474.17988,21684.0846
2025-04-04,21696.89732,21717.26735,21276.35958,21340.5891
2025-04-05,21347.129,21347.129,21338.106,21338.106
2025-04-06,21347.129,21347.129,21227.02866,21253.6806
2025-04-07,21262.6679,21420.95956,21036.65766,21055.8603
2025-04-08,21437.48817,21614.38582,21393.768,21516.97311
2025-04-09,21497.82876,21828.75191,21464.14076,21609.19184
2025-04-10,21709.4346,22012.28604,21415.53429,21775.89315
2025-04-11,21750.0071,22101.83486,21726.53519,21968.4065
2025-04-13,21974.4,21999.936,21941.5441,21973.77898
2025-04-14,21959.34662,22177.68,21870.1756,22105.56656
2025-04-15,22104.08064,22288.37061,22061.04483,22225.19598
2025-04-16,22226.5182,22395.85929,22207.54653,22270.87885
2025-04-17,22298.686,22351.9004,22178.20779,22306.87151
2025-04-18,22319.14468,22380.04565,22279.3016,22359.1786
2025-04-19,22359.1786,22359.1786,22359.1786,22359.1786
2025-04-20,22372.4726,22372.4726,22317.80386,22343.03236
2025-04-21,22355.81189,22587.54722,22289.91585,22470.67838
2025-04-22,22475.35674,22637.55904,22322.5112,22392.15251
2025-04-23,22404.80727,22521.5676,22288.65456,22356.04554
2025-04-24,22365.95625,22538.4516,22325.76745,22486.62624
2025-04-25,22395.75484,22515.91084,22298.15265,22399.4736
2025-04-26,22399.4736,22399.4736,22399.4736,22399.4736
2025-04-27,22399.4736,22399.4736,22357.75008,22386.0144
2025-04-28,22383.4908,22670.95446,22335.12743,22635.62056
2025-04-29,22646.19951,22661.87652,22415.514,22457.56422
2025-04-30,22496.10318,22512.2139,22077.80243,22109.0159
2025-05-01,22216.10412,22253.28775,22003.80994,22021.8974
2025-05-02,22129.89275,22228.7755,21772.25076,21791.58989
2025-05-04,21881.2248,21881.2248,21778.61098,21792.08276
2025-05-05,21871.00224,21989.05632,21704.14817,21831.67665
2025-05-06,21815.71488,22099.38225,21767.45184,21988.9384
2025-05-07,21997.74117,22124.55108,21843.77853,21971.9997
2025-05-08,21972.15792,22123.20968,21738.97064,21843.14319
2025-05-09,21878.24262,22060.72775,21786.0933,21953.00784
2025-05-11,21940.9568,21963.5736,21863.93916,21905.7921
2025-05-12,21884.0594,21979.42257,21669.49848,21741.85773
2025-05-13,21764.73684,22009.85111,21731.30825,21966.0597
2025-05-14,21991.17334,22156.55568,21879.3777,21935.0301
2025-05-15,21958.89414,22068.91386,21872.7243,21956.63982
2025-05-16,21876.84102,21943.96175,21715.425,21819.91482
2025-05-17,21791.2968,21791.2968,21791.2968,21791.2968
2025-05-18,21791.2968,21827.14578,21787.84881,21813.99858
2025-05-19,21836.37648,22074.38884,21792.9387,21944.76336
2025-05-20,21977.0355,22034.117,21833.9103,21963.28241
2025-05-21,21949.56953,22114.25853,21934.21815,21988.4962
2025-05-22,22012.48056,22053.66464,21798.39495,21902.89024
2025-05-23,21883.37904,22106.28728,21747.6153,21944.67616
2025-05-25,22042.0224,22042.0224,21923.7601,21926.67862
2025-05-26,21870.1894,22135.16688,21837.16227,22015.7391
2025-05-27,22083.87228,22124.58228,21910.1754,21978.60555
2025-05-28,21998.70696,22053.0298,21855.6,21928.0344
2025-05-29,21944.4765,22011.33312,21844.66032,21983.62992
2025-05-30,21979.39296,22016.87376,21899.4166,21918.89335
2025-06-01,21931.4405,21938.9362,21916.4491,21920.034
2025-06-02,21922.80415,22118.2564,21849.525,22057.90172
2025-06-03,22060.0809,22101.333,21947.80952,22017.66048
2025-06-04,22015.05376,22139.31097,21986.0528,22079.328
2025-06-05,22082.425,22194.406,22023.1353,22088.91456
2025-06-06,22090.8672,22105.2432,21957.504,22002.7233
2025-06-09,22004.3506,22100.3613,21990.532,22043.6784
2025-06-10,22026.875,22088.974,21861.125,21947.991
2025-06-11,21947.991,22073.509,21874.125,22009.0
2025-06-12,22008.448,22144.1865,21914.299,22087.407
2025-06-13,22128.234,22233.792,21958.625,22095.756
2025-06-16,22086.243,22224.293,21993.5493,22071.324
2025-06-17,22101.728,22141.92,21799.8648,21847.56
2025-06-18,21890.9,21999.57,21817.0145,21864.631
2025-06-19,21924.658,22104.27,21849.54,22070.774
2025-06-20,22005.6525,22171.551,21977.849,22029.462
2025-06-23,21905.062,22319.3845,21828.311,22284.256
2025-06-24,22083.945,22375.896,22060.4175,22252.083
2025-06-25,22122.75,22283.73,22080.5,22250.1955
2025-06-26,22255.398,22431.33,22099.35,22236.3673
2025-06-27,22282.6668,22318.1208,22159.98,22256.4506
2025-06-30,22157.634,22334.37,22119.678,22288.659
2025-07-01,22192.528,22350.348,22133.9655,22246.2825
2025-07-02,22234.556,22342.8744,21940.08,22138.046
2025-07-03,22083.502,22180.85,21977.294,22095.762
2025-07-04,22122.72,22204.263,22041.327,22088.936
2025-07-07,22072.5,22178.968,21986.64,22064.3775
2025-07-08,22111.974,22208.865,21907.26,22007.7
2025-07-09,22048.455,22144.494,22009.503,22063.664
2025-07-10,22056.871,22110.4465,21918.6,22008.6195
2025-07-11,21998.8905,22041.6625,21841.3716,21875.1295
2025-07-14,21859.185,21956.1536,21755.441,21805.448
2025-07-15,21812.1615,21940.4364,21729.312,21747.5645
2025-07-16,21747.5645,21973.8075,21684.903,21829.2565
2025-07-17,21832.713,21942.986,21754.617,21899.9875
2025-07-18,21881.856,21991.2,21825.157,21828.414
2025-07-21,21823.8935,22072.638,21820.6345,21992.184
2025-07-22,21983.81,22080.721,21911.252,22057.404
2025-07-23,22003.292,22144.3649,21970.512,22115.03
2025-07-24,22066.1625,22136.2108,21935.875,21992.652
2025-07-25,22039.9335,22075.9644,21869.8965,21910.854
2025-07-28,21904.33,21994.02,21770.588,21815.3925
2025-07-29,21856.96,21926.0104,21765.344,21877.372
2025-07-30,21812.535,21946.046,21621.24,21685.5475
2025-07-31,21741.819,21864.8284,21644.844,21722.225
2025-08-01,21788.25,21968.155,21638.286,21888.783
2025-08-04,21784.3465,21881.195,21690.25,21764.1955
2025-08-05,21729.15,21828.9188,21673.56,21777.1125
2025-08-06,21783.762,21910.152,21714.8412,21842.1025
2025-08-07,21765.39,21953.86,21720.776,21888.6685
2025-08-08,21905.57,21970.185,21826.205,21901.6965
2025-08-11,21783.906,21934.8852,21735.01,21840.642
2025-08-12,21845.729,22049.2515,21829.459,21969.86
2025-08-13,21934.25,22087.584,21837.3421,21977.925
2025-08-14,21835.739,21920.325,21735.336,21793.0286
2025-08-15,21825.503,21948.06,21806.408,21891.6405
2025-08-18,21878.7165,21914.2575,21807.6345,21812.481
2025-08-19,21870.0,21985.1688,21827.88,21901.015
2025-08-20,21931.726,22046.688,21859.944,21887.8105
2025-08-21,21887.586,21962.178,21791.9377,21833.108
2025-08-22,21855.04,22153.9208,21820.81,22088.187
2025-08-25,21938.091,22001.6655,21815.0218,21862.75
2025-08-26,21869.477,21993.59,21825.375,21958.92
2025-08-27,21974.03,22101.137,21864.82,22074.3435
2025-08-28,22050.83,22159.434,22006.1,22078.608
2025-08-29,22072.072,22296.2915,21965.862,22259.6955
2025-09-01,22212.435,22355.85,22126.88,22224.063
2025-09-02,22215.858,22281.3305,21846.006,21954.5445
2025-09-03,21981.454,22124.952,21867.865,22061.604
2025-09-04,22073.705,22146.7845,22010.733,22050.2695
2025-09-05,22050.2695,22248.891,22037.1375,22170.099
2025-09-08,22097.863,22211.506,21955.662,22075.09
2025-09-09,22225.704,22416.705,22162.96,22274.028
2025-09-10,22251.915,22336.614,22202.334,22261.9695
2025-09-11,22228.147,22373.6286,22152.222,22332.726
2025-09-12,22258.08,22305.15,22127.1165,22197.95
2025-09-15,22209.8675,22362.398,22176.882,22304.238
2025-09-16,22270.0,22475.124,22233.7936,22428.8445
2025-09-17,22379.44,22572.407,22330.24,22379.0625
2025-09-18,22385.875,22566.32,22229.79,22364.1
2025-09-19,22418.316,22487.6015,22262.84,22333.361
2025-09-22,22355.22,22490.52,22290.3726,22429.92
2025-09-23,22389.384,22564.512,22342.988,22527.652
2025-09-24,22541.174,22578.232,22356.0065,22411.148
2025-09-25,22441.374,22573.3854,22232.749,22324.49
2025-09-26,22321.166,22518.748,22281.072,22411.5
2025-09-29,22279.296,22451.336,22262.581,22374.429
2025-09-30,22352.625,22483.1565,22327.65,22392.706
2025-10-01,22394.25,22594.1481,22297.12,22371.82
2025-10-02,22358.343,22446.865,22205.5275,22275.23
2025-10-03,22293.8,22420.475,22178.1,22279.134
2025-10-06,22194.831,22400.145,22171.689,22305.969
2025-10-07,22329.504,22374.933,22105.239,22193.277
2025-10-08,22267.098,22331.2684,22124.04,22190.322
2025-10-09,22181.965,22215.1545,21907.05,21999.854
2025-10-10,22026.456,22187.515,21935.361,22100.811
2025-10-13,22120.848,22167.511,22028.05,22071.126
2025-10-14,22064.46,22150.968,21907.23,22064.612
2025-10-15,22076.211,22228.806,22046.328,22192.056
2025-10-16,22175.345,22313.459,22158.795,22246.795
2025-10-17,22263.452,22348.389,22183.916,22250.28
2025-10-20,22213.41,22301.937,22172.035,22210.428
2025-10-21,22197.024,22263.852,22120.848,22167.511
2025-10-22,22180.83,22255.8875,22041.414,22129.235
2025-10-23,22165.98,22247.73,22072.995,22137.826
2025-10-24,22117.84,22226.7042,22038.156,22079.631
2025-10-27,22044.768,22211.052,22044.768,22149.435
2025-10-28,22149.435,22229.9732,21985.04,22028.2
2025-10-29,22018.246,22088.624,21800.8515,21913.573
2025-10-30,21885.528,22001.361,21756.126,21875.025
2025-10-31,21855.3,21898.314,21729.493,21863.5375
2025-11-03,21835.356,21937.1054,21769.066,21874.77
2025-11-04,21947.14,21995.5285,21708.683,21733.551
2025-11-05,21754.749,21852.396,21715.1865,21791.83
2025-11-06,21757.392,21962.9104,21754.056,21923.984
2025-11-07,21935.45,22020.341,21830.91,21945.876
2025-11-10,21891.42,21995.9925,21853.312,21926.4585
2025-11-11,21982.399,22023.872,21865.9275,21934.2
2025-11-12,21930.864,22005.0825,21806.027,21920.535
2025-11-13,21931.875,22115.3025,21885.087,22052.008
2025-11-14,22009.103,22063.8,21872.245,21977.392
2025-11-17,21935.45,22079.8048,21930.44,21995.16
2025-11-18,21995.16,22086.9288,21955.032,21993.137
2025-11-19,21976.768,22041.2025,21750.72,21790.464
2025-11-20,21827.96,21981.025,21786.331,21859.575
2025-11-21,21859.575,21927.4243,21757.084,21853.886
2025-11-24,21870.32,21925.0655,21825.513,21868.907
2025-11-25,21836.1495,22036.9878,21798.18,21927.973
2025-11-26,21891.732,22090.992,21820.223,22051.22
2025-11-27,21986.657,22091.22,21936.827,22023.0765
2025-11-28,22003.1875,22087.791,21940.0125,22037.94
2025-12-01,22006.4,22129.425,21968.128,21992.985
2025-12-02,21963.2875,22006.3545,21885.336,21951.738
2025-12-03,21945.132,22214.379,21925.2,22184.348
2025-12-04,22187.7,22290.0405,22136.178,22172.8
2025-12-05,22172.8,22267.773,22146.1755,22172.7915
2025-12-08,22164.48,22278.4778,22134.528,22219.4145
2025-12-09,22216.092,22297.842,22123.1736,22151.136
2025-12-10,22172.767,22348.5884,22157.764,22321.176
2025-12-11,22250.94,22414.584,22202.713,22307.769
2025-12-12,22247.532,22336.133,22169.418,22237.668
2025-12-15,22220.94,22342.1472,22192.686,22279.418
2025-12-16,22276.086,22460.4315,22244.432,22391.27
2025-12-17,22361.052,22428.133,22171.128,22309.5
2025-12-18,22319.537,22495.158,22261.122,22354.638
2025-12-19,22341.26,22426.5785,22301.18,22383.0625
2025-12-22,22356.3075,22614.406,22352.9625,22569.043
2025-12-23,22515.234,22711.8785,22495.125,22659.574
2025-12-24,22605.8,22703.285,22580.586,22615.85
2025-12-25,22615.85,22661.075,22610.825,22651.025
2025-12-26,22639.3,22657.725,22567.275,22604.125
2025-12-29,22560.498,22691.685,22542.084,22666.424
2025-12-30,22654.6375,22710.105,22530.4485,22562.283
2025-12-31,22484.88,22570.542,22336.133,22459.491
2026-01-01,22456.157,22457.824,22456.157,22457.824
2026-01-02,22457.952,22587.173,22402.908,22491.704
2026-01-05,22466.51,22706.448,22396.37,22659.19
2026-01-06,22652.42,22745.0755,22553.608,22605.75
2026-01-07,22609.15,22690.6608,22520.322,22567.389
2026-01-08,22585.896,22621.2,22505.336,22552.326
2026-01-09,22580.873,22653.835,22486.8255,22503.6205
2026-01-12,22535.405,22728.9675,22523.6275,22644.7675
2026-01-13,22670.008,22777.872,22595.912,22622.748
2026-01-14,22614.385,22716.4608,22605.96,22649.749
2026-01-15,22574.16,22710.294,22443.12,22582.064
2026-01-16,22580.376,22641.144,22556.744,22587.128
2026-01-19,22520.025,22763.913,22454.31,22733.544
2026-01-20,22756.851,22914.4635,22711.458,22765.6075
2026-01-21,22735.404,22834.1886,22669.416,22728.525
2026-01-22,22695.01,22852.152,22505.3,22782.936
2026-01-23,22666.56,22989.096,22644.72,22930.521
2026-01-26,22854.156,23017.2705,22826.9,22936.329
2026-01-27,22929.356,23310.427,22894.16,23205.896
2026-01-28,23133.324,23183.226,22923.1225,23054.35
2026-01-29,23109.57,23262.96,22999.086,23113.1235
2026-01-30,23147.8225,23221.334,22934.652,22968.464
2026-02-02,22949.745,23054.915,22813.5,22931.667
2026-02-03,22887.2,23007.1995,22858.725,22949.3235
2026-02-04,22940.946,23037.1075,22845.325,22884.225
2026-02-05,22899.666,22988.097,22671.4125,22755.8125
2026-02-06,22806.475,23006.5224,22757.61,22944.774
2026-02-09,22937.9695,23111.9,22811.2902,22992.355
2026-02-10,22958.13,23029.824,22864.5315,22901.56
2026-02-11,22847.0,23019.7056,22790.05,22855.9375
2026-02-12,22867.884,23008.293,22829.2785,22895.22
2026-02-13,22885.049,23015.415,22832.9535,22962.76
2026-02-16,22962.76,22986.315,22917.3325,22924.0625
2026-02-17,22925.745,22940.8875,22701.9725,22826.4775
2026-02-18,22801.192,22942.7144,22688.498,22766.0625
2026-02-19,22791.376,22886.6428,22658.097,22710.394
2026-02-20,22670.008,22845.417,22619.488,22730.652
2026-02-23,22745.8225,22813.2425,22614.4305,22641.2865
2026-02-24,22673.306,22790.5632,22631.2935,22678.3905
2026-02-25,22685.134,22850.2425,22626.152,22746.968
2026-02-26,22665.632,22761.2025,22475.024,22580.675
2026-02-27,22584.0645,22674.2009,22512.018,22599.184
2026-03-02,22666.604,22734.024,22364.16,22594.1275
2026-03-03,22558.932,22661.4,22299.75,22501.49
2026-03-04,22588.378,22691.279,22450.4,22571.936
2026-03-05,22578.622,22617.3365,22388.78,22536.5625
2026-03-06,22559.81,22708.209,22490.52,22664.59
2026-03-09,22673.394,22844.754,22483.04,22752.1725
2026-03-10,22601.007,22772.787,22567.347,22612.668
2026-03-11,22567.394,22701.959,22521.98,22617.6515
2026-03-12,22649.49,22677.0096,22496.145,22526.2785
2026-03-13,22526.2785,22647.086,22313.5275,22391.457
2026-03-16,22408.232,22669.6305,22389.598,22617.226
2026-03-17,22593.987,22698.754,22492.65,22668.415
2026-03-18,22668.415,22702.365,22490.1775,22498.665
2026-03-19,22502.06,22858.535,22479.9925,22797.425
2026-03-20,22795.7275,22817.795,22568.2625,22642.9525
2026-03-23,22580.145,22880.6025,22498.665,22794.03
2026-03-24,22805.9125,22822.8875,22659.9275,22761.7775
2026-03-25,22662.9,22732.02,22516.53,22590.1515
2026-03-26,22543.381,22613.8185,22448.909,22519.3455
2026-03-27,22534.266,22647.1896,22414.205,22482.176
2026-03-30,22505.614,22570.1026,22349.49,22394.7225
2026-03-31,22388.13,22546.1472,22338.888,22464.178
2026-04-01,22464.361,22722.8996,22402.815,22583.54
2026-04-02,22571.797,22677.3,22363.066,22465.877
2026-04-03,22470.974,22498.158,22401.315,22408.111
2026-04-06,22396.218,22615.306,22367.754,22534.096
2026-04-07,22547.328,22749.65,22506.432,22712.61
2026-04-08,22553.13,22953.8132,22534.463,22773.096
2026-04-09,22800.1,23006.451,22755.978,22943.564
